{"cameraMode":{"drawMode":0,"name":"Shaded","section":"Shading Mode"},"sceneLighting":true,"audioPlay":false,"sceneViewState":{"m_AlwaysRefresh":false,"showFog":true,"showSkybox":true,"showFlares":true,"showImageEffects":true,"showParticleSystems":true,"showVisualEffectGraphs":true,"m_FxEnabled":true},"in2DMode":false,"pivot":{"x":0.9387551546096802,"y":1.0263396501541138,"z":-0.949180543422699},"rotation":{"x":0.0014803179074078799,"y":-0.17016994953155518,"z":0.00024360536190215498,"w":0.9854257702827454},"size":1.3442918062210084,"orthographic":true}